-- Adminer 4.8.1 MySQL 8.0.31 dump

SET NAMES utf8;
SET time_zone = '+00:00';
SET foreign_key_checks = 0;
SET sql_mode = 'NO_AUTO_VALUE_ON_ZERO';

SET NAMES utf8mb4;

DROP TABLE IF EXISTS `days`;
CREATE TABLE `days` (
  `id` bigint unsigned NOT NULL AUTO_INCREMENT,
  `date` datetime NOT NULL,
  `label` varchar(255) CHARACTER SET utf8mb4 COLLATE utf8mb4_unicode_ci NOT NULL,
  `profit` double(8,2) NOT NULL,
  `commission` double(8,2) NOT NULL,
  `profit_total` double(8,2) NOT NULL,
  PRIMARY KEY (`id`)
) ENGINE=InnoDB DEFAULT CHARSET=utf8mb4 COLLATE=utf8mb4_unicode_ci;

INSERT INTO `days` (`id`, `date`, `label`, `profit`, `commission`, `profit_total`) VALUES
(1,	'2022-11-08 00:00:00',	'Mardi 08 novembre | 2022',	2.45,	-0.20,	2.25),
(2,	'2022-11-09 00:00:00',	'Mercredi 09 novembre | 2022',	12.73,	-0.60,	12.13),
(3,	'2022-11-10 00:00:00',	'Jeudi 10 novembre | 2022',	10.93,	-0.50,	10.43),
(4,	'2022-11-11 00:00:00',	'Vendredi 11 novembre | 2022',	22.22,	-1.50,	20.72),
(5,	'2022-11-14 00:00:00',	'Lundi 14 novembre | 2022',	6.99,	-0.70,	6.29),
(6,	'2022-11-15 00:00:00',	'Mardi 15 novembre | 2022',	6.73,	-0.40,	6.33),
(7,	'2022-11-16 00:00:00',	'Mercredi 16 novembre | 2022',	6.32,	-0.40,	5.92),
(8,	'2022-11-17 00:00:00',	'Jeudi 17 novembre | 2022',	7.62,	-0.50,	7.12),
(9,	'2022-11-18 00:00:00',	'Vendredi 18 novembre | 2022',	6.56,	-0.30,	6.26),
(10,	'2022-11-21 00:00:00',	'Lundi 21 novembre | 2022',	10.08,	-0.60,	9.48),
(11,	'2022-11-22 00:00:00',	'Mardi 22 novembre | 2022',	6.73,	-0.30,	6.43),
(12,	'2022-11-23 00:00:00',	'Mercredi 23 novembre | 2022',	10.95,	-0.60,	10.35),
(13,	'2022-11-24 00:00:00',	'Jeudi 24 novembre | 2022',	2.16,	-0.10,	2.06),
(14,	'2022-11-25 00:00:00',	'Vendredi 25 novembre | 2022',	10.83,	-0.70,	10.13),
(15,	'2022-11-28 00:00:00',	'Lundi 28 novembre | 2022',	9.08,	-0.50,	8.58),
(16,	'2022-11-29 00:00:00',	'Mardi 29 novembre | 2022',	3.73,	-0.30,	3.43),
(17,	'2022-11-30 00:00:00',	'Mercredi 30 novembre | 2022',	8.68,	-0.40,	8.28),
(38,	'2022-12-01 00:00:00',	'Jeudi 01 décembre | 2022',	14.86,	-1.10,	13.76),
(39,	'2022-12-02 00:00:00',	'Vendredi 02 décembre | 2022',	2.18,	-0.10,	2.08),
(40,	'2022-12-05 00:00:00',	'Lundi 05 décembre | 2022',	13.22,	-0.70,	12.52),
(41,	'2022-12-06 00:00:00',	'Mardi 06 décembre | 2022',	2.14,	-0.10,	2.04),
(42,	'2022-12-07 00:00:00',	'Mercredi 07 décembre | 2022',	4.18,	-0.20,	3.98),
(43,	'2022-12-08 00:00:00',	'Jeudi 08 décembre | 2022',	2.13,	-0.10,	2.03),
(44,	'2022-12-09 00:00:00',	'Vendredi 09 décembre | 2022',	8.46,	-0.20,	8.26),
(45,	'2022-12-12 00:00:00',	'Lundi 12 décembre | 2022',	4.44,	-0.30,	4.14),
(46,	'2022-12-13 00:00:00',	'Mardi 13 décembre | 2022',	9.68,	-0.50,	9.18),
(47,	'2022-12-15 00:00:00',	'Jeudi 15 décembre | 2022',	-186.71,	-0.70,	-187.41),
(48,	'2022-12-16 00:00:00',	'Vendredi 16 décembre | 2022',	2.17,	-0.10,	2.07),
(327,	'2023-01-03 00:00:00',	'Mardi 03 janvier | 2023',	13.72,	-0.60,	13.12),
(328,	'2023-01-04 00:00:00',	'Mercredi 04 janvier | 2023',	6.48,	-0.40,	6.08),
(329,	'2023-01-05 00:00:00',	'Jeudi 05 janvier | 2023',	6.56,	-0.30,	6.26),
(330,	'2023-01-06 00:00:00',	'Vendredi 06 janvier | 2023',	8.42,	-0.40,	8.02),
(331,	'2023-01-09 00:00:00',	'Lundi 09 janvier | 2023',	2.42,	-0.30,	2.12),
(332,	'2023-01-11 00:00:00',	'Mercredi 11 janvier | 2023',	4.37,	-0.20,	4.17),
(333,	'2023-01-12 00:00:00',	'Jeudi 12 janvier | 2023',	10.85,	-0.50,	10.35),
(334,	'2023-01-13 00:00:00',	'Vendredi 13 janvier | 2023',	4.27,	-0.20,	4.07),
(335,	'2023-01-16 00:00:00',	'Lundi 16 janvier | 2023',	8.90,	-0.50,	8.40),
(336,	'2023-01-17 00:00:00',	'Mardi 17 janvier | 2023',	4.26,	-0.20,	4.06),
(337,	'2023-01-18 00:00:00',	'Mercredi 18 janvier | 2023',	10.50,	-0.60,	9.90),
(338,	'2023-01-19 00:00:00',	'Jeudi 19 janvier | 2023',	6.32,	-0.40,	5.92),
(339,	'2023-01-23 00:00:00',	'Lundi 23 janvier | 2023',	4.70,	-0.20,	4.50),
(340,	'2023-01-24 00:00:00',	'Mardi 24 janvier | 2023',	8.42,	-0.60,	7.82),
(341,	'2023-01-25 00:00:00',	'Mercredi 25 janvier | 2023',	2.06,	-0.10,	1.96),
(342,	'2023-01-26 00:00:00',	'Jeudi 26 janvier | 2023',	8.09,	-0.70,	7.39),
(343,	'2023-01-27 00:00:00',	'Vendredi 27 janvier | 2023',	2.40,	-0.10,	2.30),
(352,	'2023-02-02 00:00:00',	'Jeudi 02 février | 2023',	4.40,	-0.30,	4.10),
(353,	'2023-02-06 00:00:00',	'Lundi 06 février | 2023',	-8.53,	-0.10,	-8.63);

DROP TABLE IF EXISTS `trades_close`;
CREATE TABLE `trades_close` (
  `id` bigint unsigned NOT NULL AUTO_INCREMENT,
  `day_id` bigint unsigned NOT NULL,
  `openTime` time NOT NULL,
  `closeTime` time NOT NULL,
  `profit` double(8,2) NOT NULL,
  `type` tinytext CHARACTER SET utf8mb4 COLLATE utf8mb4_unicode_ci NOT NULL,
  `levier` double(8,2) NOT NULL,
  PRIMARY KEY (`id`)
) ENGINE=InnoDB DEFAULT CHARSET=utf8mb4 COLLATE=utf8mb4_unicode_ci;

INSERT INTO `trades_close` (`id`, `day_id`, `openTime`, `closeTime`, `profit`, `type`, `levier`) VALUES
(1,	1,	'05:35:03',	'10:31:02',	-2.83,	'buy',	0.02),
(2,	1,	'09:55:02',	'10:31:02',	5.28,	'buy',	0.02),
(3,	2,	'00:07:02',	'00:15:01',	2.01,	'buy',	0.02),
(4,	2,	'02:28:00',	'02:28:57',	2.10,	'buy',	0.02),
(5,	2,	'04:03:01',	'04:25:27',	2.10,	'sell',	0.02),
(6,	2,	'09:03:00',	'09:06:55',	2.18,	'sell',	0.02),
(7,	2,	'10:10:00',	'10:22:25',	2.21,	'buy',	0.02),
(8,	2,	'10:59:00',	'11:01:00',	2.13,	'buy',	0.02),
(9,	3,	'06:04:00',	'07:26:04',	2.13,	'sell',	0.02),
(10,	3,	'08:28:00',	'09:03:16',	2.32,	'buy',	0.02),
(11,	3,	'09:08:00',	'09:17:05',	2.18,	'sell',	0.02),
(12,	3,	'10:19:00',	'10:22:40',	2.14,	'buy',	0.02),
(13,	3,	'21:00:00',	'21:26:44',	2.16,	'sell',	0.02),
(14,	4,	'01:52:00',	'01:57:16',	2.14,	'buy',	0.02),
(15,	4,	'06:13:00',	'07:32:30',	-6.09,	'sell',	0.02),
(16,	4,	'07:32:00',	'07:32:30',	-1.10,	'buy',	0.02),
(17,	4,	'06:31:00',	'07:32:31',	8.40,	'sell',	0.02),
(18,	4,	'07:33:03',	'08:16:32',	2.56,	'buy',	0.02),
(19,	4,	'08:31:00',	'08:44:08',	2.15,	'sell',	0.02),
(20,	4,	'09:07:00',	'09:19:47',	2.18,	'buy',	0.02),
(21,	4,	'09:45:00',	'10:02:04',	-2.01,	'sell',	0.02),
(22,	4,	'09:59:00',	'10:02:05',	4.87,	'sell',	0.02),
(23,	4,	'11:50:00',	'12:38:41',	-2.43,	'buy',	0.02),
(24,	4,	'11:59:00',	'12:38:41',	4.67,	'buy',	0.02),
(25,	4,	'14:22:00',	'14:27:56',	2.23,	'sell',	0.02),
(26,	4,	'14:50:00',	'15:01:56',	2.11,	'sell',	0.02),
(27,	4,	'15:22:00',	'15:52:52',	-2.16,	'buy',	0.02),
(28,	4,	'15:42:00',	'15:52:52',	4.70,	'buy',	0.02),
(29,	5,	'09:15:00',	'09:21:28',	2.15,	'sell',	0.02),
(30,	5,	'11:05:00',	'11:21:10',	2.21,	'buy',	0.02),
(31,	5,	'14:25:00',	'17:12:56',	-14.13,	'sell',	0.02),
(32,	5,	'15:40:00',	'17:12:57',	-3.14,	'sell',	0.02),
(33,	5,	'16:10:01',	'17:12:57',	3.79,	'sell',	0.02),
(34,	5,	'16:20:01',	'17:12:57',	4.86,	'sell',	0.02),
(35,	5,	'16:15:00',	'17:12:58',	11.25,	'sell',	0.02),
(36,	6,	'08:35:01',	'09:06:30',	-2.87,	'sell',	0.02),
(37,	6,	'08:50:00',	'09:06:31',	4.97,	'sell',	0.02),
(38,	6,	'09:25:00',	'09:34:10',	2.11,	'sell',	0.02),
(39,	6,	'15:40:00',	'15:56:10',	2.52,	'buy',	0.02),
(40,	7,	'09:00:01',	'13:44:39',	-6.34,	'sell',	0.02),
(41,	7,	'11:25:01',	'13:44:39',	7.76,	'sell',	0.02),
(42,	7,	'10:10:01',	'13:48:13',	2.48,	'sell',	0.02),
(43,	7,	'15:40:00',	'15:45:40',	2.42,	'buy',	0.02),
(44,	8,	'02:55:06',	'07:50:05',	-6.12,	'buy',	0.02),
(45,	8,	'05:10:02',	'07:50:05',	7.39,	'buy',	0.02),
(46,	8,	'04:05:01',	'07:50:50',	2.17,	'buy',	0.02),
(47,	8,	'09:20:00',	'09:42:02',	1.92,	'sell',	0.02),
(48,	8,	'11:40:00',	'12:50:22',	2.26,	'buy',	0.02),
(49,	9,	'12:45:00',	'13:17:14',	2.29,	'buy',	0.02),
(50,	9,	'15:30:00',	'15:30:07',	2.05,	'buy',	0.02),
(51,	9,	'15:50:00',	'15:55:10',	2.22,	'buy',	0.02),
(52,	10,	'02:20:00',	'02:39:43',	2.27,	'buy',	0.02),
(53,	10,	'09:20:00',	'11:05:02',	-2.89,	'buy',	0.02),
(54,	10,	'10:45:01',	'11:05:03',	5.76,	'buy',	0.02),
(55,	10,	'14:25:00',	'14:39:15',	2.48,	'sell',	0.02),
(56,	10,	'16:10:00',	'18:34:27',	-2.05,	'buy',	0.02),
(57,	10,	'17:10:00',	'18:34:27',	4.51,	'buy',	0.02),
(58,	11,	'02:10:00',	'06:58:05',	2.08,	'sell',	0.02),
(59,	11,	'09:30:00',	'09:33:09',	2.48,	'sell',	0.02),
(60,	11,	'15:15:00',	'15:25:12',	2.17,	'buy',	0.02),
(61,	12,	'05:00:01',	'07:47:36',	2.13,	'buy',	0.02),
(62,	12,	'08:20:00',	'09:18:13',	-2.71,	'sell',	0.02),
(63,	12,	'08:50:00',	'09:18:15',	4.95,	'sell',	0.02),
(64,	12,	'10:15:00',	'10:16:31',	2.23,	'buy',	0.02),
(65,	12,	'15:50:00',	'15:58:05',	2.20,	'sell',	0.02),
(66,	12,	'21:15:01',	'21:20:41',	2.15,	'sell',	0.02),
(67,	13,	'08:10:00',	'08:18:59',	2.16,	'sell',	0.02),
(68,	14,	'01:35:00',	'02:15:27',	2.12,	'buy',	0.02),
(69,	14,	'03:10:03',	'05:55:37',	-2.42,	'sell',	0.02),
(70,	14,	'05:05:01',	'05:55:38',	4.49,	'sell',	0.02),
(71,	14,	'07:05:00',	'07:51:28',	2.12,	'buy',	0.02),
(72,	14,	'08:42:11',	'11:25:58',	-1.98,	'buy',	0.02),
(73,	14,	'10:45:00',	'11:25:59',	4.34,	'buy',	0.02),
(74,	14,	'14:45:00',	'14:53:35',	2.16,	'buy',	0.02),
(75,	15,	'03:00:00',	'03:12:29',	2.36,	'buy',	0.02),
(76,	15,	'09:45:00',	'12:01:20',	-2.54,	'sell',	0.02),
(77,	15,	'10:45:01',	'12:01:20',	4.69,	'sell',	0.02),
(78,	15,	'15:45:05',	'16:04:57',	2.20,	'buy',	0.02),
(79,	15,	'17:15:00',	'17:26:34',	2.37,	'buy',	0.02),
(80,	16,	'04:45:00',	'10:47:13',	-6.81,	'sell',	0.02),
(81,	16,	'06:00:00',	'10:47:25',	2.34,	'sell',	0.02),
(82,	16,	'10:00:00',	'10:47:14',	8.20,	'sell',	0.02),
(83,	17,	'10:00:00',	'12:00:08',	2.16,	'sell',	0.02),
(84,	17,	'13:15:00',	'13:16:21',	2.12,	'sell',	0.02),
(85,	17,	'16:30:00',	'17:08:29',	2.25,	'buy',	0.02),
(86,	17,	'21:00:00',	'21:00:56',	2.15,	'sell',	0.02),
(167,	38,	'00:45:00',	'03:06:57',	-4.24,	'sell',	0.02),
(168,	38,	'02:00:00',	'03:06:57',	6.69,	'sell',	0.02),
(169,	38,	'04:30:00',	'08:41:51',	-7.18,	'sell',	0.02),
(170,	38,	'08:00:00',	'08:41:51',	7.88,	'sell',	0.02),
(171,	38,	'05:45:01',	'08:42:25',	2.07,	'sell',	0.02),
(172,	38,	'14:30:00',	'14:30:06',	2.75,	'sell',	0.02),
(173,	38,	'15:15:00',	'16:17:04',	-5.07,	'sell',	0.02),
(174,	38,	'16:15:00',	'16:17:04',	0.65,	'sell',	0.02),
(175,	38,	'16:00:00',	'16:17:05',	7.05,	'sell',	0.02),
(176,	38,	'17:15:01',	'17:17:46',	2.16,	'sell',	0.02),
(177,	38,	'21:00:00',	'21:05:13',	2.10,	'sell',	0.02),
(178,	39,	'14:45:00',	'14:52:35',	2.18,	'buy',	0.02),
(179,	40,	'02:30:00',	'07:15:00',	-2.29,	'sell',	0.02),
(180,	40,	'04:45:00',	'07:15:00',	4.73,	'sell',	0.02),
(181,	40,	'11:30:00',	'11:42:48',	1.98,	'buy',	0.02),
(182,	40,	'15:30:00',	'15:34:38',	2.18,	'buy',	0.02),
(183,	40,	'16:00:00',	'16:00:10',	2.35,	'buy',	0.02),
(184,	40,	'16:15:00',	'16:15:33',	2.16,	'buy',	0.02),
(185,	40,	'18:15:00',	'18:23:40',	2.11,	'buy',	0.02),
(186,	41,	'13:15:00',	'13:22:43',	2.14,	'sell',	0.02),
(187,	42,	'15:45:00',	'15:52:48',	2.07,	'sell',	0.02),
(188,	42,	'21:00:00',	'21:18:35',	2.11,	'sell',	0.02),
(189,	43,	'16:30:00',	'16:39:51',	2.13,	'sell',	0.02),
(190,	44,	'12:45:00',	'14:30:07',	6.29,	'sell',	0.02),
(191,	44,	'17:45:00',	'17:53:48',	2.17,	'sell',	0.02),
(192,	45,	'03:00:01',	'08:28:42',	-2.00,	'buy',	0.02),
(193,	45,	'04:30:00',	'08:28:43',	4.37,	'buy',	0.02),
(194,	45,	'17:15:00',	'17:47:02',	2.07,	'buy',	0.02),
(195,	46,	'08:45:00',	'08:50:12',	2.10,	'sell',	0.02),
(196,	46,	'14:45:00',	'14:45:50',	2.63,	'sell',	0.02),
(197,	46,	'15:15:00',	'16:09:40',	-3.16,	'sell',	0.02),
(198,	46,	'16:00:00',	'16:09:40',	6.00,	'sell',	0.02),
(199,	46,	'17:30:00',	'17:46:42',	2.11,	'sell',	0.02),
(200,	47,	'02:45:01',	'16:31:58',	-48.35,	'buy',	0.02),
(201,	47,	'03:15:00',	'16:31:58',	-42.00,	'buy',	0.02),
(202,	47,	'05:00:00',	'16:31:58',	-35.46,	'buy',	0.02),
(203,	47,	'09:00:00',	'16:31:57',	-27.92,	'buy',	0.02),
(204,	47,	'09:15:00',	'16:31:57',	-15.17,	'buy',	0.02),
(205,	47,	'09:45:00',	'16:31:57',	-4.93,	'buy',	0.02),
(206,	47,	'14:45:00',	'16:31:56',	-12.88,	'buy',	0.02),
(207,	48,	'16:00:00',	'16:11:22',	2.17,	'sell',	0.02),
(1247,	327,	'00:15:01',	'00:16:45',	2.21,	'sell',	0.02),
(1248,	327,	'01:15:00',	'01:19:03',	2.12,	'sell',	0.02),
(1249,	327,	'03:45:00',	'03:46:22',	1.97,	'sell',	0.02),
(1250,	327,	'07:15:00',	'07:30:38',	2.34,	'sell',	0.02),
(1251,	327,	'08:30:00',	'08:50:23',	2.22,	'sell',	0.02),
(1252,	327,	'16:45:00',	'16:45:39',	2.86,	'buy',	0.02),
(1253,	328,	'08:30:00',	'08:51:13',	-3.90,	'sell',	0.02),
(1254,	328,	'08:45:00',	'08:51:13',	6.01,	'sell',	0.02),
(1255,	328,	'09:30:00',	'09:34:33',	2.26,	'sell',	0.02),
(1256,	328,	'12:30:00',	'12:39:42',	2.11,	'sell',	0.02),
(1257,	329,	'09:45:00',	'09:53:37',	2.16,	'buy',	0.02),
(1258,	329,	'15:00:00',	'15:11:56',	2.14,	'buy',	0.02),
(1259,	329,	'16:30:00',	'17:11:12',	2.26,	'buy',	0.02),
(1260,	330,	'15:00:00',	'15:01:28',	2.07,	'sell',	0.02),
(1261,	330,	'15:15:00',	'15:19:55',	2.09,	'sell',	0.02),
(1262,	330,	'16:15:00',	'16:29:13',	2.21,	'sell',	0.02),
(1263,	330,	'18:00:00',	'18:16:13',	2.05,	'sell',	0.02),
(1264,	331,	'00:15:00',	'10:09:29',	-8.18,	'sell',	0.02),
(1265,	331,	'03:30:00',	'10:09:29',	8.48,	'sell',	0.02),
(1266,	331,	'02:45:00',	'10:09:30',	2.12,	'sell',	0.02),
(1267,	332,	'06:45:01',	'06:46:48',	2.12,	'sell',	0.02),
(1268,	332,	'16:00:00',	'16:00:29',	2.25,	'buy',	0.02),
(1269,	333,	'03:45:00',	'04:21:42',	2.12,	'sell',	0.02),
(1270,	333,	'15:00:00',	'15:05:01',	2.29,	'sell',	0.02),
(1271,	333,	'17:30:00',	'17:34:14',	2.20,	'sell',	0.02),
(1272,	333,	'18:30:00',	'19:27:29',	2.12,	'sell',	0.02),
(1273,	333,	'22:15:00',	'22:24:14',	2.12,	'sell',	0.02),
(1274,	334,	'09:45:00',	'09:58:43',	2.17,	'sell',	0.02),
(1275,	334,	'16:45:00',	'17:05:28',	2.10,	'sell',	0.02),
(1276,	335,	'00:15:00',	'00:45:20',	2.27,	'sell',	0.02),
(1277,	335,	'03:15:00',	'04:14:21',	-3.44,	'sell',	0.02),
(1278,	335,	'04:00:00',	'04:14:22',	5.75,	'sell',	0.02),
(1279,	335,	'04:15:02',	'05:48:48',	2.10,	'sell',	0.02),
(1280,	335,	'09:30:00',	'10:10:18',	2.22,	'buy',	0.02),
(1281,	336,	'11:30:00',	'11:49:05',	2.13,	'buy',	0.02),
(1282,	336,	'15:30:00',	'15:32:07',	2.13,	'sell',	0.02),
(1283,	337,	'04:45:00',	'04:48:14',	2.10,	'buy',	0.02),
(1284,	337,	'09:30:00',	'09:37:27',	2.27,	'sell',	0.02),
(1285,	337,	'13:00:00',	'14:42:34',	-2.27,	'sell',	0.02),
(1286,	337,	'14:15:00',	'14:42:34',	4.46,	'sell',	0.02),
(1287,	337,	'15:15:00',	'15:21:58',	2.02,	'sell',	0.02),
(1288,	337,	'18:30:00',	'18:57:41',	1.92,	'buy',	0.02),
(1289,	338,	'09:30:01',	'09:34:50',	2.07,	'sell',	0.02),
(1290,	338,	'16:15:00',	'16:51:51',	2.13,	'sell',	0.02),
(1291,	338,	'21:00:00',	'21:27:49',	-3.80,	'sell',	0.02),
(1292,	338,	'21:15:00',	'21:27:49',	5.92,	'sell',	0.02),
(1293,	339,	'07:45:00',	'07:52:37',	2.23,	'buy',	0.02),
(1294,	339,	'15:45:00',	'15:48:01',	2.47,	'buy',	0.02),
(1295,	340,	'22:00:00',	'05:02:44',	-3.22,	'sell',	0.02),
(1296,	340,	'03:00:00',	'05:02:44',	5.64,	'sell',	0.02),
(1297,	340,	'08:00:00',	'08:12:26',	2.11,	'sell',	0.02),
(1298,	340,	'15:30:00',	'16:13:54',	-7.11,	'buy',	0.02),
(1299,	340,	'16:00:00',	'16:13:55',	9.14,	'buy',	0.02),
(1300,	340,	'16:15:00',	'16:15:10',	1.86,	'buy',	0.02),
(1301,	341,	'11:15:00',	'11:23:16',	2.06,	'buy',	0.02),
(1302,	342,	'18:00:00',	'08:11:54',	-7.73,	'sell',	0.02),
(1303,	342,	'21:00:00',	'08:12:03',	1.98,	'sell',	0.02),
(1304,	342,	'21:45:00',	'08:11:55',	8.59,	'sell',	0.02),
(1305,	342,	'11:00:00',	'14:51:46',	3.00,	'buy',	0.02),
(1306,	342,	'16:00:01',	'18:09:55',	-8.87,	'buy',	0.02),
(1307,	342,	'16:45:00',	'18:09:56',	1.97,	'buy',	0.02),
(1308,	342,	'17:00:00',	'18:09:56',	9.15,	'buy',	0.02),
(1309,	343,	'05:30:00',	'05:30:55',	2.40,	'buy',	0.02),
(1326,	352,	'00:15:00',	'00:18:35',	2.10,	'sell',	0.02),
(1327,	352,	'02:45:00',	'10:19:42',	-3.16,	'sell',	0.02),
(1328,	352,	'08:30:00',	'10:19:42',	5.46,	'sell',	0.02),
(1329,	353,	'00:19:21',	'00:46:24',	-8.53,	'buy',	0.02);

DROP TABLE IF EXISTS `trades_open`;
CREATE TABLE `trades_open` (
  `id` bigint unsigned NOT NULL AUTO_INCREMENT,
  `openTime` time NOT NULL,
  `profit` double(8,2) NOT NULL,
  `levier` double(8,2) NOT NULL,
  `type` varchar(255) CHARACTER SET utf8mb4 COLLATE utf8mb4_unicode_ci NOT NULL,
  `price` double(8,2) NOT NULL,
  PRIMARY KEY (`id`)
) ENGINE=InnoDB DEFAULT CHARSET=utf8mb4 COLLATE=utf8mb4_unicode_ci;

INSERT INTO `trades_open` (`id`, `openTime`, `profit`, `levier`, `type`, `price`) VALUES
(37,	'15:15:00',	-130.66,	0.02,	'buy',	1946.60),
(38,	'15:45:00',	-114.76,	0.02,	'buy',	1938.07),
(39,	'16:00:00',	-83.99,	0.02,	'buy',	1921.56),
(40,	'17:45:00',	-76.20,	0.02,	'buy',	1917.38),
(41,	'21:30:21',	-66.97,	0.02,	'buy',	1912.43),
(42,	'14:48:25',	-17.50,	0.02,	'buy',	1885.89);

-- 2023-02-08 13:51:49
